{"loss_test": 0.0009409807449764064, "IoU_test": 0.470702756721353, "loss_hist_train": [0.0011106506746909888, 0.00041647464811023037, 0.00025637881608587344, 0.0001903016173410573, 0.00014386927276082153, 0.0001444284471491525, 0.0001005419963409813, 9.534626129070681e-05, 0.0001107600902613591, 6.487010271333595e-05, 6.753895027839721e-05, 7.811162425025581e-05, 0.00035346179873778664, 0.00019149400623038484, 0.00013683713041133207, 9.742822528289289e-05, 5.8112666847943884e-05, 4.410660369514724e-05, 2.338374122592055e-05, 1.4931554180216118e-05, 1.3123940214252616e-05, 1.1427466411417484e-05, 1.186796252739502e-05, 1.2246683150036472e-05, 1.5349954451990683e-05, 1.5036872833381124e-05, 1.9013165562530732e-05, 2.1602445353191168e-05, 2.455030127073885e-05, 2.380032297205239e-05, 2.3836387015241103e-05, 3.925555119831492e-05, 6.247789177720462e-05, 0.00034334018118444183, 0.00025456583163380045, 0.0001350275955974111, 6.253246138134684e-05, 2.8102803241046105e-05, 1.6208186416128734e-05, 1.192195404274018e-05, 1.0387982416225853e-05, 9.93598463385454e-06, 8.82229861841583e-06, 8.761604900912107e-06, 1.0370742100047815e-05, 1.125874299437979e-05, 1.3862797038399018e-05, 1.461496213150636e-05, 1.3738200424052845e-05, 2.034180030690409e-05], "IoU_hist_train": [0.389494564126132, 0.5242991866510465, 0.5993926050517703, 0.6425903908311441, 0.6706679824703655, 0.6625062937912105, 0.7018416769180279, 0.7057204609161858, 0.6850549646609269, 0.7395892566728608, 0.7471128489802703, 0.7508385969360566, 0.5700108368766481, 0.6377203352888856, 0.6784287417198426, 0.727397063906558, 0.7679006148466212, 0.7923170794807696, 0.8282702292573118, 0.8523574383541286, 0.8623927054868413, 0.8698960765655128, 0.8693559983017238, 0.8692140490479541, 0.8493347148234688, 0.8516889852093287, 0.831601771346369, 0.8175351622358431, 0.8097687789031418, 0.8083380954437334, 0.8059446038893892, 0.7686418545818361, 0.7201287068931375, 0.6266164077070461, 0.6054381113293311, 0.6828896085783683, 0.7488990805844877, 0.8049540360911808, 0.8414936648851706, 0.8655259792409292, 0.8848549871419269, 0.8812003888585489, 0.8892080836265237, 0.8904749636914153, 0.8786427227241637, 0.8699715367653224, 0.8568321420213768, 0.8443882645370334, 0.8497036486336496, 0.8182947055444703], "loss_hist_val": [0.0017094846945848341, 0.0014930686227169704, 0.0013505963836994486, 0.0012499249623679587, 0.0011702851548138521, 0.001183907502943631, 0.0011878126831137634, 0.0012249853139668257, 0.001292951076414342, 0.0011712220745629615, 0.0011667748032414295, 0.0018619033601113021, 0.0018788941413598929, 0.0013890398619221115, 0.001263172179454649, 0.0012127045353452293, 0.0012222412681147361, 0.0011354090347866024, 0.0011139301452157125, 0.001125479504576212, 0.0011367616906146295, 0.0010983651067446433, 0.001125305690834869, 0.0011245640544919595, 0.0011136323991375817, 0.0010746033066860946, 0.0011472580773036864, 0.001132659146814582, 0.0011045903879985095, 0.0011300143062731457, 0.0011599414011450341, 0.0013465154094706906, 0.0011688492612652692, 0.0015473709057543324, 0.0013416187094597981, 0.0011249043034691271, 0.0011991158611660128, 0.0011110361965058968, 0.0010879898785625492, 0.0011071529593059788, 0.0010624212232009185, 0.001085431158940017, 0.0010826941434099737, 0.001098749218143645, 0.0010601209315209818, 0.0010885507482440134, 0.001045361307976408, 0.0010357985495261551, 0.0010700758114510541, 0.0011044212267850456], "IoU_hist_val": [0.375598669591502, 0.5320883965229516, 0.5276874708709459, 0.5161481073454288, 0.5401921402444957, 0.5511355003593292, 0.5366055079000724, 0.4882402179560649, 0.5050987149895052, 0.5797735876933263, 0.5186839237715218, 0.4058910124621654, 0.5159930652730027, 0.5334369443331554, 0.5314279141547231, 0.5563452811859789, 0.5628433062091249, 0.5752271099432414, 0.5764041084236436, 0.5759660831570559, 0.5626100170415169, 0.580185492847699, 0.574946846127385, 0.5812670660687719, 0.560346835872746, 0.575994776515394, 0.5752346068489601, 0.5716194039778607, 0.5650709623680112, 0.562604033304098, 0.6133071996070187, 0.5565110617758522, 0.5299885196676436, 0.3933392580935509, 0.4966059289921964, 0.5918220011133248, 0.5528343272402699, 0.5590236230510408, 0.585565159314311, 0.5556366434729624, 0.584317354544314, 0.5667627805733894, 0.5682478405741187, 0.5573069966380529, 0.5653668256593846, 0.561534220994935, 0.5788368126040028, 0.5899737821017167, 0.5589157732382963, 0.5543082861173712]}