{"loss_test": 0.0007987708908397206, "IoU_test": 0.5250740749474794, "loss_hist_train": [0.0011205411246955734, 0.00036219777593601447, 0.0002319777721984161, 0.0001475334551331328, 0.00010835382665661043, 9.831433406349581e-05, 0.00015640075347883768, 0.0002832689489080449, 0.00010298918145682816, 8.289145498478516e-05, 6.0278208943158485e-05, 4.484175461804059e-05, 5.867027561959294e-05, 5.8886777400867196e-05, 7.075937875294129e-05, 0.0002757168743293895, 0.00015394191560069956, 7.684579362080136e-05, 3.855211864453923e-05, 2.1760245603983282e-05, 1.6163440700105397e-05, 1.2728914361324473e-05, 1.0618352178203376e-05, 1.186775720256855e-05, 1.4215825860502178e-05, 1.7159764431488927e-05, 2.2205767248950535e-05, 0.00023163671478353002, 0.00027699528584610605, 0.00015160031164275107, 8.604041040250524e-05, 9.011981459612822e-05, 2.496845590985632e-05, 1.5031775985993788e-05, 1.0573786483276088e-05, 9.042265849541463e-06, 8.312478765199195e-06, 8.729866184154139e-06, 1.0117579528209658e-05, 1.2327110297819535e-05, 1.5010893561183956e-05, 1.835810914147628e-05, 1.9675320710570436e-05, 2.2194513447122006e-05, 2.644108999849493e-05, 2.967619552134816e-05, 3.113548710900799e-05, 3.482655437326268e-05, 3.9036533910089293e-05, 3.359472618379519e-05], "IoU_hist_train": [0.3740516282482504, 0.5369054387090314, 0.5963946911990212, 0.6655282790143189, 0.6994606623495557, 0.6957834397801603, 0.657483570054372, 0.5820669297610293, 0.6921642154051557, 0.7206999860710562, 0.754823154725174, 0.7787459048255616, 0.7560556700104123, 0.7356258923000099, 0.727428138899035, 0.6005406063972256, 0.6523745251639183, 0.7401276400895065, 0.792069995651546, 0.8165698135944933, 0.8475456949727044, 0.8644250395031212, 0.8711635685438162, 0.8679462423452158, 0.8540555471081294, 0.8427060278440242, 0.8188453549451359, 0.6928796468674598, 0.5961007922406426, 0.6716099616391568, 0.7181646275850175, 0.715417064959266, 0.8140431621106967, 0.8457658285040204, 0.8722497311673834, 0.8839919543763884, 0.8882380933654668, 0.8864877645171133, 0.8717393299759917, 0.8590544150755154, 0.8478597830981016, 0.8280349459902749, 0.8260970548271709, 0.8160242204046535, 0.7995591957797007, 0.7988378808365516, 0.7967046837547387, 0.7794744282954275, 0.7700480286548076, 0.7833290747715885], "loss_hist_val": [0.001707222024579499, 0.001236444688035473, 0.0014074684471671655, 0.0011858078554936686, 0.001102924495554217, 0.0012573750852961098, 0.0014799158126056105, 0.0011804231346316107, 0.0011867751134043223, 0.001191212430049491, 0.0010650468422128054, 0.0011876888779099029, 0.001240594504692753, 0.0011858506028593278, 0.001304162538637677, 0.002237142454628567, 0.0011136775574761702, 0.0010976218634817453, 0.001086242030771099, 0.0010152510254414738, 0.0010412914759089697, 0.0010407272429146075, 0.0010302576625731657, 0.00101415808387609, 0.001030877456632341, 0.0010148726201822194, 0.0010485962649612655, 0.001692021049842452, 0.0013649500923817773, 0.0014164302354001878, 0.00149272496897028, 0.001281892377085963, 0.0012968292550574274, 0.0012293663817994425, 0.0012098890903299677, 0.001236720452102125, 0.0012337574873331196, 0.0012204550866945425, 0.0011806402648856602, 0.0011851949128417504, 0.0011775042511853735, 0.0012346094948304511, 0.0011443614859398313, 0.0011787909282986952, 0.0011693056559010527, 0.0011365607819281969, 0.0013160765200475033, 0.0013177888729664956, 0.001498822151871848, 0.0012219994311392568], "IoU_hist_val": [0.388707699977825, 0.5125545002364345, 0.5153599446935324, 0.5370637092883662, 0.5483496278589809, 0.5734070185263026, 0.5396412947187107, 0.4999768798698442, 0.5638099902717255, 0.5267956001356725, 0.5879775237981458, 0.5404992317957357, 0.5438994759490762, 0.6079949694324841, 0.5362604007500882, 0.41147563244561886, 0.5143640078417334, 0.5646058547719607, 0.5837385966169981, 0.5794382729228075, 0.5826295198542517, 0.5800467255808737, 0.5935466797521947, 0.594620093593214, 0.5911202915556627, 0.5988734572411514, 0.5936983518269735, 0.4744330393882425, 0.538360688345841, 0.5631550508577257, 0.48766362544237674, 0.5748278612207098, 0.5638273674506723, 0.5819072488102535, 0.5850774447515155, 0.5811245971662485, 0.5849564094776485, 0.5873913958021352, 0.5827014936630509, 0.5922158180275017, 0.5840076030835633, 0.5914539700924806, 0.5759259301716402, 0.6011402194145257, 0.5918178533820628, 0.5958236979627971, 0.5647575457389866, 0.5605123044624187, 0.546080828155313, 0.602835082695347]}