{"loss_test": 0.02629022741264292, "IoU_test": 0.7538292847005775, "loss_hist_train": [0.05175347708993488, 0.04395451690104235, 0.036023035399019056, 0.0315955402874973, 0.0298147479891211, 0.026662678497007052, 0.025196404568084474, 0.024199119696217308, 0.022797562372400514, 0.023828074771789443, 0.021063427413404272, 0.020759663870366513, 0.020191326140107404, 0.02273072939791816, 0.0248267712037929, 0.02013437591089822, 0.020069190041268503, 0.018507906517303416, 0.018127019076963964, 0.017819195535905417, 0.01908383579425285, 0.01790441246776971, 0.01997882760052922, 0.017758631433120592, 0.01753088175995737, 0.01871453691716151, 0.01706010992831871, 0.01733420453328862, 0.016751513918422473, 0.016639831110931775, 0.01686130830857121], "IoU_hist_train": [0.5057118161933466, 0.5783173695275442, 0.6550419147194285, 0.6973726534474559, 0.7142749821860092, 0.7440722662551883, 0.7575402398056864, 0.7670723394121964, 0.7803675332551453, 0.7707572942729741, 0.796726775150298, 0.7997199681246415, 0.8049711555814628, 0.7811119260444639, 0.7614877407599765, 0.8057229984914107, 0.8063068252280012, 0.8213165664482135, 0.8249614032212189, 0.8277135947764521, 0.8158635127251416, 0.8269502478554414, 0.8078005804128098, 0.8287732828749435, 0.8307901301611971, 0.8195740564800882, 0.8352020309357094, 0.8326101470536701, 0.8381042256004974, 0.8392051217223164, 0.8371784894321946], "loss_hist_val": [0.05182414387037933, 0.047541548119913235, 0.04428513514607765, 0.043585009209000235, 0.04390371109252266, 0.038702522363655976, 0.04244630373856303, 0.037633195793443215, 0.040579800874711434, 0.03607376050493842, 0.03549227297643286, 0.04078231142804849, 0.03824090080854748, 0.040310499628497316, 0.04045917245505386, 0.036904821006378326, 0.03814613011888264, 0.03786983329386488, 0.041615825625929505, 0.04393455329254965, 0.0402912525130802, 0.04554658344139304, 0.04340375704846254, 0.03683621462703257, 0.038076268901582146, 0.03714814185674659, 0.03707828028114378, 0.03814809488019309, 0.035927597122448675, 0.03574594867954497, 0.036064776221798704], "IoU_hist_val": [0.5075241018480541, 0.5476852949696186, 0.5793466317818778, 0.5889505007306886, 0.5852570644253964, 0.6280498483193224, 0.5961430186906018, 0.6410644595686457, 0.614641033850684, 0.6549511970965326, 0.6629841338789058, 0.6131312921788159, 0.6351564274916407, 0.6210117405524169, 0.6157094609911805, 0.648984015031416, 0.6360936932340844, 0.6391139900842818, 0.605802458795275, 0.5833544371951941, 0.619342839487603, 0.5823076528306362, 0.5906843413312984, 0.6517777007565171, 0.6399955280035237, 0.6512621964442924, 0.6485452145029155, 0.638687841734181, 0.6623758313047161, 0.6597120361099654, 0.663067435525961], "eval_data": null}