{"loss_test": 0.0010723249211099812, "IoU_test": 0.4330458655567454, "loss_hist_train": [0.0038, 0.0012, 0.0009, 0.0007, 0.0007, 0.0005, 0.0005, 0.0004, 0.0003, 0.0003, 0.0002, 0.0002, 0.0002, 0.0002, 0.0002, 0.0001, 0.0001, 0.0001, 0.0001, 0.0001, 0.0001, 0.0001, 0.0001, 0.0001, 0.0001, 0.0001, 0.0001, 0.0006, 0.0002, 0.0001, 0.0002, 0.0001, 0.0, 0.0, 0.0, 0.0, 0.0, 0.0, 0.0, 0.0, 0.0, 0.0, 0.0, 0.0004, 0.0003, 0.0002, 0.0001, 0.0001, 0.0, 0.0], "IoU_hist_train": [0.2807, 0.3713, 0.4089, 0.4476, 0.4669, 0.5023, 0.5151, 0.5368, 0.5784, 0.589, 0.6066, 0.6362, 0.6286, 0.6168, 0.6278, 0.6558, 0.6908, 0.7088, 0.7386, 0.7499, 0.7379, 0.7216, 0.7362, 0.7127, 0.7283, 0.7096, 0.7467, 0.5458, 0.6353, 0.6649, 0.657, 0.7397, 0.7908, 0.8131, 0.8322, 0.8448, 0.8577, 0.8641, 0.8628, 0.8556, 0.8507, 0.8363, 0.7813, 0.5697, 0.6108, 0.6703, 0.6936, 0.7613, 0.7963, 0.8158], "loss_hist_val": [0.0019, 0.0015, 0.0016, 0.0014, 0.0016, 0.0014, 0.0014, 0.0013, 0.0014, 0.0014, 0.0013, 0.0013, 0.0015, 0.0014, 0.0014, 0.0013, 0.0014, 0.0013, 0.0013, 0.0013, 0.0012, 0.0014, 0.0013, 0.0014, 0.0014, 0.0012, 0.0012, 0.0014, 0.0015, 0.0015, 0.0013, 0.0014, 0.0013, 0.0013, 0.0013, 0.0013, 0.0013, 0.0013, 0.0013, 0.0013, 0.0013, 0.0013, 0.0015, 0.002, 0.0015, 0.0015, 0.0013, 0.0013, 0.0013, 0.0013], "IoU_hist_val": [0.3388, 0.4513, 0.4409, 0.4743, 0.5043, 0.4818, 0.5168, 0.5098, 0.496, 0.522, 0.5264, 0.5116, 0.461, 0.4838, 0.518, 0.5226, 0.526, 0.5292, 0.536, 0.5309, 0.5361, 0.4804, 0.5218, 0.4881, 0.5239, 0.5504, 0.5268, 0.5538, 0.4811, 0.5243, 0.5244, 0.5349, 0.5293, 0.5302, 0.5282, 0.5378, 0.5417, 0.5448, 0.5311, 0.5311, 0.5397, 0.5403, 0.4934, 0.4801, 0.483, 0.4909, 0.5539, 0.5274, 0.5453, 0.55]}