{"loss_test": 0.0009147908910000188, "IoU_test": 0.4369805485426865, "loss_hist_train": [0.0036, 0.001, 0.0008, 0.0007, 0.0005, 0.0004, 0.0004, 0.0003, 0.0002, 0.0002, 0.0002, 0.0001, 0.0001, 0.0001, 0.0001, 0.0002, 0.0002, 0.0001, 0.0001, 0.0001, 0.0001, 0.0, 0.0, 0.0, 0.0, 0.0, 0.0, 0.0, 0.0, 0.0001, 0.0002, 0.0003, 0.0001, 0.0001, 0.0, 0.0, 0.0, 0.0, 0.0, 0.0, 0.0, 0.0, 0.0, 0.0, 0.0002, 0.0002, 0.0001, 0.0, 0.0, 0.0], "IoU_hist_train": [0.2734, 0.3613, 0.3945, 0.4291, 0.463, 0.4924, 0.5111, 0.5381, 0.5741, 0.5977, 0.6243, 0.6423, 0.6563, 0.6671, 0.6909, 0.6155, 0.596, 0.659, 0.6636, 0.7201, 0.7205, 0.7604, 0.776, 0.7907, 0.794, 0.7943, 0.7936, 0.7853, 0.765, 0.7402, 0.6345, 0.5978, 0.6918, 0.7487, 0.7957, 0.8252, 0.8447, 0.8549, 0.8556, 0.8561, 0.8483, 0.8386, 0.8152, 0.7905, 0.663, 0.6715, 0.7171, 0.7847, 0.8275, 0.8529], "loss_hist_val": [0.0021, 0.0016, 0.0019, 0.0014, 0.0015, 0.0013, 0.0014, 0.0013, 0.0013, 0.0012, 0.0013, 0.0012, 0.0012, 0.0013, 0.0013, 0.0013, 0.0012, 0.0013, 0.0013, 0.0013, 0.0012, 0.0012, 0.0012, 0.0013, 0.0013, 0.0013, 0.0013, 0.0012, 0.0013, 0.0013, 0.0013, 0.0014, 0.0013, 0.0013, 0.0013, 0.0013, 0.0013, 0.0013, 0.0013, 0.0013, 0.0013, 0.0013, 0.0013, 0.0015, 0.0014, 0.0013, 0.0014, 0.0013, 0.0013, 0.0012], "IoU_hist_val": [0.3331, 0.4239, 0.3574, 0.444, 0.4482, 0.4702, 0.4563, 0.4644, 0.4922, 0.5012, 0.4873, 0.498, 0.5018, 0.4916, 0.5227, 0.4888, 0.5349, 0.5057, 0.514, 0.5074, 0.5149, 0.5487, 0.5193, 0.507, 0.5254, 0.4937, 0.5396, 0.5253, 0.5264, 0.5148, 0.521, 0.4806, 0.5154, 0.5553, 0.5085, 0.5267, 0.5269, 0.5147, 0.5107, 0.5305, 0.536, 0.5218, 0.5314, 0.481, 0.505, 0.5692, 0.546, 0.5522, 0.5491, 0.5457]}