{"loss_test": 0.038350673467589066, "IoU_test": 0.6398316702592467, "loss_hist_train": [0.08745963621947085, 0.04942327210913734, 0.04539674957763096, 0.041384282286935456, 0.037704914914406945, 0.03536003248441178, 0.03267145761468245, 0.03122673083678119, 0.03008456768756352, 0.02867975029604991, 0.027592289074901615, 0.026601427501517408, 0.026223907873374103, 0.025100741586133474, 0.024594248764525865, 0.02446381412694144, 0.02365203058726239, 0.023181304958834418, 0.022454011159966397, 0.022396841705265246, 0.022075442585477386, 0.0219289341256914, 0.02135792697610905, 0.02130067931448651, 0.02084193831759565, 0.02059720785496506, 0.020439345687957987, 0.020000116401960782, 0.019953936609065432, 0.01973058584335768], "IoU_hist_train": [0.28374063082839857, 0.5268538526019125, 0.5662466308809053, 0.6035325510599998, 0.6378645182973562, 0.6596605404462134, 0.6852541576418986, 0.6985317615848318, 0.7093424997204475, 0.7227486711213305, 0.7328679590512819, 0.7423495616813147, 0.745679959988613, 0.7567628031290228, 0.7616921103852481, 0.7629398612838991, 0.770710194845433, 0.7753494527755699, 0.7822399491690917, 0.782861885193761, 0.7859171303759331, 0.7873692396612075, 0.7928664747459903, 0.7935303515877283, 0.7978001252592409, 0.8000968245035565, 0.8016473433191806, 0.8059114094961572, 0.8064637286158118, 0.8086715707643564], "loss_hist_val": [0.05782926820292331, 0.056572882550777776, 0.05428303670680843, 0.051684085980500324, 0.056055873000132816, 0.05751004427292054, 0.048229348963018524, 0.047543088356204216, 0.052195211743364237, 0.04704262486947476, 0.0459707813519231, 0.047893260965252864, 0.04481276633715866, 0.04599819691717372, 0.04875017186202625, 0.04541636301570768, 0.045318447928111655, 0.04762636042888971, 0.05266670893240177, 0.05136494462864402, 0.050793169158520085, 0.04621168347194137, 0.046796040158966476, 0.04165811328773283, 0.044991792807990455, 0.04497551361607359, 0.04506939759180266, 0.043789980435135344, 0.04416234321270501, 0.04421912030418321], "IoU_hist_val": [0.4483649856667792, 0.46587217034432177, 0.49019427091552437, 0.5195067344779081, 0.4731584952318747, 0.4628739701965995, 0.5490636301587192, 0.5494631495033002, 0.5079262781146613, 0.5607197762808145, 0.5652137602221016, 0.5492193743532532, 0.5758721775509011, 0.5677063163097009, 0.5423356024370577, 0.5702180691248483, 0.5743394298572818, 0.5484262165738039, 0.5059912946415062, 0.5203931723975562, 0.5171295144362046, 0.5681766344476729, 0.552518395655637, 0.6063017111918408, 0.5760146197016566, 0.5748552784977067, 0.5750299124933036, 0.5901760870921445, 0.585248657520676, 0.5834116718710085], "eval_data": null}