{"loss_test": 0.0027617291500391656, "IoU_test": 0.18105315169957173, "loss_hist_train": [0.01881367101683208, 0.0014322404021350462, 0.001145922292668583, 0.0009944671236200337, 0.0008687598919163574, 0.0007722222136789419, 0.0006817602453463245, 0.00063519544192091, 0.0005776891169523173, 0.0005062160872192111, 0.0004880844827878177, 0.0004217855426464094, 0.0003836689502377591, 0.0003660647919095803, 0.0003176474603130271, 0.00028400949606036547, 0.0002698155864432151, 0.00021274353559122086, 0.00020018357317538096, 0.00016488231027820402, 0.00016374650303208, 0.00014901353072215966, 0.0001405271229618693, 0.0001306856107203676, 0.00011874438200971443, 0.00013185769304710712, 0.00011196565125384509, 0.00011100564354200143, 0.0001274937995049449, 0.00010849398662116558, 0.00010446546835950584, 0.00010056526901824871, 0.0001001917005646679, 9.398736558459438e-05, 8.796903211583785e-05, 8.93260046348356e-05, 8.53277883916306e-05, 7.802269467340945e-05, 8.149190430785418e-05, 8.557322539339832e-05, 7.810181572163121e-05, 7.452473149633282e-05, 6.970488192525025e-05, 6.635840043006949e-05, 6.677505690220422e-05, 6.869671328110547e-05, 6.588304093631564e-05, 5.734301801482334e-05, 5.820996347061192e-05, 6.333230856424468e-05, 5.89017341826807e-05, 5.800575887957755e-05, 5.9090862328824e-05, 6.1007597723163513e-05, 0.00011878381867129867, 7.62290313287442e-05, 5.2969127620722015e-05, 4.609914561810751e-05, 3.860544594392539e-05, 3.946268543477341e-05], "IoU_hist_train": [0.27240709011359054, 0.3342451124823389, 0.36834802238677117, 0.37956601695586256, 0.3975058644972475, 0.41128343257186845, 0.4227722726438467, 0.4273787506085717, 0.44481139267011954, 0.4596195412521017, 0.46028202546536273, 0.4815783399181323, 0.49386331793707144, 0.49425291836484114, 0.5218667867425424, 0.53386717579556, 0.5336894008417771, 0.5631812681228174, 0.5744157613008196, 0.6005343826042925, 0.6070162825487407, 0.6169791028297482, 0.6241968355829186, 0.6326218813095923, 0.6386935528348945, 0.6288620295902778, 0.6498860032502706, 0.6441688264281378, 0.6392518795185536, 0.6519004751056647, 0.6558341344000871, 0.6610767483616969, 0.6624327442967373, 0.6701170113954408, 0.6698352345263334, 0.6694297346115684, 0.6786631653687772, 0.690496855268709, 0.6828185378646126, 0.6821862388399265, 0.6895494279130376, 0.6949014771270811, 0.7010649966765736, 0.7022956465182828, 0.7064498609069928, 0.7026183290670859, 0.7076086334218755, 0.7228196043888114, 0.7169596041989003, 0.7110252415611698, 0.7177141017457652, 0.7203248329872805, 0.719371207357104, 0.7121212026248067, 0.6585501671821146, 0.6923843532377078, 0.7320682091564041, 0.7392104397977259, 0.7652795762423962, 0.7536080284071626], "loss_hist_val": [0.002341809013884786, 0.002463415187141776, 0.0022547411593650288, 0.0023605253092333577, 0.0023353294508953117, 0.002231974520658472, 0.002387546951958115, 0.0022146480705370554, 0.002564317399536613, 0.0024709858069890183, 0.002272142141256576, 0.0021865176432895143, 0.00220914854926038, 0.0023624525786572798, 0.0023825850632270204, 0.002418968042244263, 0.0024665235782750155, 0.002404463709772758, 0.002572035315196792, 0.002166457586195716, 0.0025206671494193795, 0.002432776417651044, 0.002734164570548239, 0.002219245862291075, 0.0024228878541607303, 0.0021870585048271883, 0.002359378960608018, 0.0022436458491857975, 0.002393816875218083, 0.002508270208210179, 0.0023418881125990493, 0.002161174691319267, 0.002576984013032315, 0.0026268791609931307, 0.002265637915215298, 0.0022591024306410114, 0.002243316104188773, 0.002266225436193877, 0.002528656665545428, 0.002528013888021954, 0.0023265717818395917, 0.0023434943319016834, 0.002497761139656035, 0.0024584744297966375, 0.002221682106490894, 0.002380497712396284, 0.002494354157632246, 0.002458901095968367, 0.002385538463585987, 0.002536243401252265, 0.0025402717465461424, 0.002262628425075115, 0.00251541676483233, 0.002409847629912547, 0.002448424269586492, 0.0026195568945301187, 0.0023492349903225214, 0.0025072172297331665, 0.0023383585614807933, 0.002214007116599042], "IoU_hist_val": [0.35681460320726427, 0.31915467315933227, 0.35990953584720087, 0.3398793172748475, 0.3250571399301837, 0.38746181200588364, 0.3600646537703292, 0.37535982675254087, 0.3114221003421718, 0.31880596934126654, 0.37761714734097346, 0.3739222774336753, 0.37686232282380167, 0.3596630299201398, 0.3337910589438548, 0.32729648436577224, 0.3295602232627765, 0.32478251005905767, 0.3078091664159437, 0.37653034936012575, 0.3010773336349406, 0.3209593828352987, 0.2876881758705369, 0.38313735912854063, 0.3292445926998492, 0.3647834655664623, 0.3437720508117772, 0.3726462897341549, 0.34753254260035843, 0.3486066256590652, 0.3460214675479592, 0.3793615055357699, 0.30948335073736766, 0.3031237800975842, 0.35977735133490524, 0.35934988436094345, 0.3559552633243661, 0.35826126234618644, 0.3261747692191935, 0.315959997724801, 0.3451774248421246, 0.3499959266083537, 0.31621971634676393, 0.3229698258615936, 0.3647395516679719, 0.34487522318247293, 0.32282254311527586, 0.33179277862103423, 0.33664567206094786, 0.3119565394453688, 0.3351799800942516, 0.37336334698282464, 0.3279634397482995, 0.35631060833422884, 0.33860294021123605, 0.3138175847933828, 0.3460492063420469, 0.3248232494571964, 0.35974311412093096, 0.37680622310221806]}