{"loss_test": 0.0016442725134417373, "IoU_test": 0.2717488174356084, "loss_hist_train": [0.014419664588653685, 0.0012946151686871164, 0.0010572318168216525, 0.0008975441316699927, 0.0007780298678309681, 0.0006814118135814479, 0.0006019291766945201, 0.0005423250946900874, 0.0004722955326485739, 0.0004127995002093079, 0.000361035244531982, 0.0003292742776648936, 0.00028353926111515513, 0.00026225277353323994, 0.00023769826407081288, 0.00022930598017715265, 0.00020480743349686456, 0.00016505891908834202, 0.0001554815098447396, 0.0001396548718848916, 0.00013756517340700336, 0.0001226239360921851, 0.000125073162645702, 0.0001243343768627645, 0.00010605869072915212, 0.00012071726031369838, 0.00011343175774819426, 0.00010559743026003607, 0.00010288167193913914, 0.00010159355648857372, 8.528446254493744e-05, 8.440466923177017e-05, 7.902070201158925e-05, 7.9943182409683e-05, 0.00012157183900702077, 0.00012993700075446325, 9.101495588355053e-05, 7.462247613128771e-05, 8.546761079490103e-05, 8.957960072167929e-05, 5.9416112221992124e-05, 5.548063476267104e-05, 5.110081743253075e-05, 5.2875416062859164e-05, 5.3462840942044926e-05, 5.6638663100335866e-05, 5.184701206453237e-05, 5.045911045709603e-05, 4.792733364900354e-05, 4.8439529106841845e-05, 4.909372409152105e-05, 4.861862777428105e-05, 5.185805825116128e-05, 5.4212977347625386e-05, 4.7738533813981594e-05, 4.3713945116218455e-05, 4.090074222297584e-05, 3.639791572173969e-05, 3.663779295206464e-05, 3.869589099366222e-05], "IoU_hist_train": [0.25007801120532147, 0.3236257623861251, 0.3490060921661642, 0.3694513938441413, 0.38581567823801677, 0.40671719795388217, 0.42031098121202753, 0.436258211349291, 0.45463702577690646, 0.4731589716444574, 0.49109090127035987, 0.5055344038254203, 0.5238122064149633, 0.5358781255157185, 0.5384706669941141, 0.5534157543973319, 0.5634225784397319, 0.5966549735289682, 0.5988868649124266, 0.6170106768459214, 0.6139487186008419, 0.6295326197079878, 0.6247914167303016, 0.6284571179044871, 0.6467568048398006, 0.6338883799335342, 0.6406355121399592, 0.6496112215265691, 0.6557270116543275, 0.6568112598652711, 0.6715447314756842, 0.6745261022746629, 0.6815534388098938, 0.6801170137678613, 0.6512790387306118, 0.6387361316294881, 0.6678980640251501, 0.68816474047506, 0.6857326403971543, 0.6869773997165938, 0.712504482971501, 0.7221472849354783, 0.7321230431436354, 0.728517304351603, 0.7260427838906011, 0.7159656058057322, 0.730585308769655, 0.7309439636902556, 0.738615626021955, 0.7373354765945519, 0.7326346920641076, 0.7349449593163564, 0.7340542915381398, 0.7269497108965001, 0.7385263045966877, 0.7468003282776734, 0.7528847993932148, 0.7641244641996483, 0.7603786204757953, 0.7574618190093558], "loss_hist_val": [0.0024365608353023307, 0.001888823340310957, 0.0019494653043015506, 0.002073292752869763, 0.0019146911835777943, 0.0019169561775817085, 0.0021965457252033373, 0.0019731395241951665, 0.002366997354451734, 0.0019427646509687867, 0.002231453761781036, 0.0019213691933959215, 0.0018551155014237702, 0.0024921749014717278, 0.0021761796318910745, 0.0019360960615015708, 0.0019984238692798096, 0.0023083217866316594, 0.001943577497528895, 0.0020010569380533227, 0.0019640607200534215, 0.001974698298457291, 0.0017616360227717695, 0.00175218151751879, 0.0018615274190800757, 0.0018179143550932804, 0.001879721810746453, 0.0020551859481548573, 0.001799298960636603, 0.0018347735437001266, 0.0017479383011001562, 0.001726423389786167, 0.0016752264038694352, 0.0016514134265598016, 0.001895595825342268, 0.0017139927508142778, 0.0018936342159809273, 0.001875887547099387, 0.0021408164279484777, 0.0018270362693885022, 0.0017465416215069467, 0.0017528233325735162, 0.0018520799564241165, 0.001661580798386236, 0.0016769124847135647, 0.001780301814440451, 0.0017524563504185174, 0.0018024494567233796, 0.0017943148643734068, 0.0018025965856331937, 0.0017888958308133064, 0.001816704995523939, 0.0016802951349822429, 0.0019239002941495813, 0.001725431788920015, 0.0017929622035833522, 0.0017290937310106497, 0.0017871331549678304, 0.001709910764048182, 0.0016953078383485827], "IoU_hist_val": [0.28617553220913355, 0.38310936526494016, 0.36553724776094815, 0.3554955980035247, 0.36629443058750305, 0.3733579214691385, 0.3378243712290972, 0.35547325835257476, 0.2913295788261645, 0.3978456306751971, 0.3195221099523369, 0.3780048742489069, 0.3880278677076108, 0.27805438741683125, 0.3250476158899696, 0.3633006755501414, 0.34849100055197957, 0.3252414651491514, 0.3650905791585206, 0.3645233435184075, 0.35038753035826115, 0.3596597934692554, 0.39530632594068726, 0.3986747600478219, 0.3861231730379779, 0.38768034246973404, 0.37453361149317166, 0.35381543109078717, 0.39967109411752416, 0.4044122851335684, 0.40476037488358435, 0.4125059547978417, 0.42403510214247997, 0.42062501718231166, 0.38505168633385994, 0.4311751973806956, 0.37073934609755677, 0.37588286885696826, 0.34246377335145445, 0.40918563195380175, 0.40368809853748566, 0.40708385602910585, 0.3875622214921288, 0.4273314789849164, 0.41744330181681044, 0.4119432509292505, 0.4022958912301877, 0.39124362171890265, 0.406286728518798, 0.40074889730000735, 0.41124421306536013, 0.3960799917728207, 0.42182334411501005, 0.3971974973176443, 0.42002485707711634, 0.39741232348611183, 0.4230543875614121, 0.39827376628427485, 0.41600088009334596, 0.42625589062560476]}