{"loss_test": 0.0005148620975120493, "IoU_test": 0.5350962708348984, "loss_hist_train": [0.001021300323012926, 0.00040107022910602826, 0.00025675518230148, 0.00016850728192025822, 0.00013070477547052096, 8.548537663927267e-05, 6.193389004663486e-05, 7.629031524277526e-05, 5.07825339058055e-05, 4.0605528639406164e-05, 3.344442201565655e-05, 3.480521778095469e-05, 3.9214531043283214e-05, 4.95840974937885e-05, 4.6757007247228486e-05, 4.655860076861611e-05, 4.354086080320019e-05, 0.00014206635896722584, 0.00016891005499990118, 0.00010135164612410982, 6.024738982042332e-05, 6.278661307811309e-05, 4.0469508290644216e-05, 4.780203797908105e-05, 3.2155495333952044e-05, 2.0192008584104008e-05, 1.5164958554497979e-05, 1.4017661530261e-05, 1.5290080912375396e-05, 1.5531917579986064e-05, 1.618896194731477e-05, 1.8015935947627722e-05, 2.2342726686721557e-05, 2.708087237232146e-05, 2.8254275851624557e-05, 3.189262271599579e-05, 2.704672906781936e-05, 2.2603809932901885e-05, 2.023649883945888e-05, 2.0551993820462787e-05, 1.8270942417406086e-05, 1.6819849114668585e-05, 1.7410919397471815e-05, 1.8421851188365464e-05, 1.815132120265183e-05, 1.963847639976991e-05, 2.0568472641420197e-05, 1.8251123177556827e-05, 1.670652571923304e-05, 1.595294524187033e-05], "IoU_hist_train": [0.3764555777404164, 0.5004294429047176, 0.5664843400858416, 0.6232844128635701, 0.657103962709277, 0.6915683910983481, 0.7236475720081882, 0.7078905185618393, 0.7438143462875649, 0.7656110453894147, 0.7829536293740806, 0.7828431170863855, 0.7715652605482306, 0.7459861324822157, 0.7427113575685511, 0.7481724886627302, 0.7539620791080526, 0.6713282854187089, 0.6346074084008566, 0.6921316991836415, 0.7561258457164358, 0.7512200371056239, 0.7718542002158018, 0.766571314184766, 0.796047992735016, 0.8232209219081165, 0.8499286630225648, 0.8579224503352629, 0.8550081425169433, 0.8510205559286935, 0.8449567959294861, 0.8333229330383228, 0.8202040634036964, 0.8012928714135374, 0.7972365388640105, 0.7913887075550496, 0.8021273152078924, 0.8119927416830183, 0.8246793181987787, 0.8219165284464509, 0.8298158696877438, 0.8320438192644509, 0.8301253627737584, 0.8308691058744598, 0.8309225955346126, 0.8239366903967269, 0.8208192527863208, 0.828860163736301, 0.8381222030475445, 0.839124257214116], "loss_hist_val": [0.001915010384308946, 0.0013515380061357826, 0.0011636242129606268, 0.001274517689648468, 0.0012888475892068572, 0.0011809267928980032, 0.0012536687092967584, 0.0012211239249312411, 0.001224253603395105, 0.0011742211652858976, 0.001240088688302818, 0.0011847798225327834, 0.001175111333989481, 0.0011565237570095805, 0.0011647801746069053, 0.0011313802206971374, 0.0011692035276504038, 0.0014572088528207183, 0.0013123821060990481, 0.0011444988436505176, 0.0011586917411558597, 0.0012260735747842472, 0.0010946113900357562, 0.0011082716846357878, 0.0010743365885145149, 0.0010578748742745899, 0.0010256667966720787, 0.0010236711596060687, 0.001013893893838155, 0.001049094809575714, 0.0010705426249095025, 0.0010452020967474985, 0.001087497421449365, 0.0010294752002787684, 0.0010317151838264093, 0.001079728632156006, 0.0011143872759595045, 0.0010945119859004082, 0.0010498914904936165, 0.001008281195569486, 0.0011116390163600515, 0.0010415252671325905, 0.0009949081497148857, 0.0010158733584105788, 0.0009990189173020195, 0.0010566614347589196, 0.0010170493285895043, 0.0010045044623141846, 0.0009692375623963407, 0.0009863057919371095], "IoU_hist_val": [0.35525293751394454, 0.4974474435723558, 0.5040822924699306, 0.49489391349575823, 0.5319789434381352, 0.5122880377900686, 0.5396178124322989, 0.5191429327707511, 0.5309386746552975, 0.5389272022323731, 0.5435232799874002, 0.5043401270170376, 0.5441966768818282, 0.5408563708820056, 0.5065801223369322, 0.5622317042833022, 0.546774873049014, 0.4527485598877504, 0.4989786678831713, 0.5779699112881502, 0.5528134304833876, 0.5628806657148494, 0.5809509870035567, 0.5609505624077392, 0.5731977579441366, 0.563798522432371, 0.5795378264023142, 0.5801483367389606, 0.5847501620829911, 0.5522935666069139, 0.5615476785755095, 0.5761804944279354, 0.5664019899841485, 0.562727372406036, 0.5845575337143772, 0.5480578553482865, 0.5840687684685204, 0.546053356479868, 0.5872221103160244, 0.5663847630150999, 0.56901920499169, 0.5752744025342091, 0.6014330362861637, 0.583639090531895, 0.5720055614086231, 0.5733601459893299, 0.5725009284636843, 0.5831060064977311, 0.5913716440848018, 0.5861245856242443]}