{"loss_test": 0.0006727676277046293, "IoU_test": 0.48247838504724316, "loss_hist_train": [0.00099762286158059, 0.00041671135675837957, 0.00028652868331983673, 0.00018517675067941861, 0.00014669080789656146, 0.0001439130132797216, 9.223853151474276e-05, 6.753851778078e-05, 7.114833903253083e-05, 4.7475316056573364e-05, 3.6381178010262614e-05, 3.036595595808886e-05, 3.2119103537489016e-05, 3.719458584916071e-05, 4.1368094335536366e-05, 4.344775700043742e-05, 4.4625285347868185e-05, 4.394501010694025e-05, 3.961283190750693e-05, 3.3389499569617324e-05, 3.0374479615500175e-05, 3.891675098396894e-05, 4.054213021783916e-05, 3.877192994136677e-05, 0.00011587522815287413, 0.00016711972224804763, 0.00013466942890364358, 5.047008293846452e-05, 2.309093709231665e-05, 1.4863382728294852e-05, 1.1929531966838603e-05, 9.847656421015441e-06, 1.0760550755591498e-05, 1.1214133293501152e-05, 1.4580677265585239e-05, 1.655842736605493e-05, 1.8233509993133183e-05, 2.183474909160987e-05, 2.5535976309963588e-05, 2.837385143035185e-05, 2.5220654851529386e-05, 2.0623626625959694e-05, 2.0610756871202598e-05, 2.0795572619297858e-05, 2.340011515409252e-05, 2.285898163750655e-05, 2.0828495649820816e-05, 2.0969633246565087e-05, 2.094299059048862e-05, 1.904301562580963e-05], "IoU_hist_train": [0.3849974264235154, 0.5121058754878067, 0.5635303076019716, 0.6201149734232576, 0.6506174703607825, 0.6550480374855869, 0.6931983229817922, 0.728427027683169, 0.7264618182384049, 0.7517015190868623, 0.7717566124359725, 0.7919898456815652, 0.7864266541497752, 0.7743740287570082, 0.7584943771298892, 0.760702939587381, 0.750029200880568, 0.756875785804957, 0.7658009487963093, 0.7803958150652447, 0.7875355155500184, 0.7702666073695122, 0.7680830696620524, 0.7679088839828204, 0.6984565466846568, 0.6398942402375442, 0.6698734160877098, 0.7579286547487198, 0.8188238069148759, 0.8462331000930252, 0.8636725629885739, 0.8803147688572293, 0.8749988903741754, 0.8737821994781413, 0.8602013820000213, 0.8432251313473832, 0.8384181031694317, 0.82424036978566, 0.8119621293731727, 0.8005483740601643, 0.8065512957325339, 0.8199443581547458, 0.8211645201842892, 0.8193802672632367, 0.8150367829483637, 0.8162744540553768, 0.819753976050076, 0.8232730646151415, 0.8183987854463752, 0.8305934978073232], "loss_hist_val": [0.0013948122659988278, 0.001349856718910044, 0.0012032629746520829, 0.0012246444232353818, 0.0011627866489575824, 0.0011595623564007024, 0.0012293938010661334, 0.0011516554639815744, 0.001215550124496179, 0.0011530789276862304, 0.0010991533486534686, 0.001133213874591921, 0.0011290661816424014, 0.001140828297640215, 0.0011574160246920586, 0.0011230482101827126, 0.0011322209114540051, 0.001146619164817235, 0.0010909846678394167, 0.0010894421738253583, 0.0010685968598829465, 0.0010658131723834507, 0.0010949938400300649, 0.00109336145458625, 0.0012758164584198658, 0.0011627385244144105, 0.0012744093470956014, 0.0010424575709667048, 0.0010144859859899074, 0.0010310765158553232, 0.0010052865259501562, 0.0010187812507169356, 0.001011550370453249, 0.001008287798702702, 0.0010339246157012527, 0.0010400889408961969, 0.0010079139596930711, 0.001054272159135793, 0.0009934001460615003, 0.0009734272485771175, 0.0009702731629269133, 0.001035174121952184, 0.000978668506557708, 0.001002985600284444, 0.0009857700523760971, 0.0010053726897948103, 0.0010238478397292773, 0.0010108747293849313, 0.0010118791225668866, 0.0010310205340590718], "IoU_hist_val": [0.47369636186744307, 0.4379838932915035, 0.5274078235670783, 0.5069695773608194, 0.5066097436188289, 0.5192136308141967, 0.5304982030074815, 0.5320299967695542, 0.50532691205832, 0.5040726685178037, 0.5244771968590204, 0.5263883491807774, 0.5383552688173561, 0.5389867495104812, 0.5367045075359569, 0.5335378980507022, 0.5199293550628226, 0.5593109489312145, 0.5239248231814919, 0.554404385449155, 0.5226875215850837, 0.538139565719329, 0.5615756611839153, 0.5448361756612309, 0.5724341499158716, 0.5013554104782408, 0.5826048615322124, 0.5763503115545281, 0.5687798291365351, 0.5738110807283034, 0.5758496180214112, 0.560639190044225, 0.5690633291674523, 0.5647708140697782, 0.5459807036899305, 0.5421558406365954, 0.5882965184710796, 0.569335950121134, 0.5533071514634351, 0.5622031646484764, 0.5584972783463198, 0.565337353677737, 0.5691878597774837, 0.5819630089279269, 0.582159155914342, 0.5566200391818232, 0.5744415033476815, 0.5505494224167156, 0.5820974894272892, 0.5740535888507331]}