{"loss_test": 0.001893701596254232, "IoU_test": 0.24137061631499981, "loss_hist_train": [0.01759422582675648, 0.001402888966826536], "IoU_hist_train": [0.2673425966158997, 0.34168373987792483], "loss_hist_val": [0.0026241943449877734, 0.0023776236878975342], "IoU_hist_val": [0.29419454294451214, 0.3331609407571379]}