{"loss_test": 0.10349535621335154, "IoU_test": 0.0449857511662047, "loss_hist_train": [0.08204843999181756, 0.07167150273131358, 0.06849947410903048, 0.06623294663678321, 0.06521689418223357, 0.06454048649151138, 0.0628481579118418, 0.06235455446376873, 0.06174551618697335, 0.06142897288108332, 0.060365066446432324, 0.05975926149048055, 0.059052024721797415, 0.05876569605328381, 0.058801277015557506, 0.05832672593793789, 0.057646067254658026, 0.05712087706424798, 0.05730777789035829, 0.05715284613587596], "IoU_hist_train": [0.27933415010861534, 0.3703860123679608, 0.3979008303581857, 0.41682413541844643, 0.42408815662887234, 0.42950600380366283, 0.4411793415684106, 0.44383939575591896, 0.44462259090695444, 0.4468944439693163, 0.45448034040928514, 0.4542741282773113, 0.4619544637258088, 0.4618967846479066, 0.46010133482341625, 0.46290619161937924, 0.46660133531689213, 0.4690272682816472, 0.46946967238246573, 0.47197413751724215], "loss_hist_val": [0.09813036431348982, 0.09325304766524124, 0.0936427534553927, 0.09382748620682087, 0.09492877366013372, 0.09270735314745546, 0.09128642023199855, 0.09374296892819006, 0.09280183848093726, 0.09685659282109693, 0.09822676264413513, 0.09214925428765498, 0.09708397046174153, 0.09492227473049893, 0.09360826664631909, 0.09627417754250166, 0.09311614692464071, 0.094649263874982, 0.09599739936993179, 0.09659628922059141], "IoU_hist_val": [0.14245149350423456, 0.16238287906821083, 0.15985951357247122, 0.15706454434177194, 0.14153240041586154, 0.16389045636123506, 0.17623336188075026, 0.1393407008834934, 0.156389725166862, 0.16363038852069225, 0.11229920630751247, 0.17916148684534727, 0.11877173821418488, 0.12101708168028133, 0.1800124666683542, 0.1644246990777963, 0.16730278797294218, 0.16343661326111233, 0.1575871846359355, 0.14161915128856395], "eval_data": null}