{"loss_test": 0.0019304837878821141, "IoU_test": 0.23485160571685224, "loss_hist_train": [0.018365738200488375], "IoU_hist_train": [0.2664929996077028], "loss_hist_val": [0.002728177313078973], "IoU_hist_val": [0.26790854955038085]}