{"loss_test": 0.0003427400829525238, "IoU_test": 0.6443527365612877, "loss_hist_train": [0.0027228843678855025, 0.001134916506890454, 0.001240429995251609, 0.0011495014099240889, 0.0009771277631447839, 0.0008318102812800166, 0.0007942308695799954, 0.0006893624764193178, 0.0006134511816363113, 0.000516784430564263, 0.00046750955568065195, 0.0003991263624536886, 0.0003730490414221055, 0.0003656913232940965, 0.00029047919180173157, 0.00031905927064225823, 0.00024187067853349953, 0.00018768992529729535, 0.00014815736099171514, 0.00010465700925544453, 0.00017713428658190625, 0.00019092565845828133, 0.00013550452693212504, 0.00010597912105364989, 9.798374750007653e-05, 0.00014802162463507527, 0.00015799874311148526, 0.00012135315152359731, 6.453838739460867e-05, 9.777124041063318e-05], "IoU_hist_train": [0.42294994981712286, 0.48385464810305556, 0.46918880289012044, 0.4825962833732303, 0.5217096296898175, 0.5585069369436966, 0.5707221711723346, 0.600417697597455, 0.6233917329169832, 0.6488513841703214, 0.6630196489496565, 0.6819766041582161, 0.6895941352302485, 0.6909988211086002, 0.7249535299207716, 0.7137797823231876, 0.7424930057620459, 0.7653701673076088, 0.782053119400808, 0.8101506399102928, 0.7651967632685396, 0.7606307163386415, 0.7909932706940135, 0.8028969735931045, 0.8128052368931397, 0.7802708555680994, 0.7765104460522096, 0.7937585679977769, 0.8329159614797204, 0.8123055994362874], "loss_hist_val": [0.001130882779708003, 0.0011498648034411322, 0.0014388464131725811, 0.0010922710586449887, 0.0009224849813677044, 0.0008004308629470128, 0.0008436247552949224, 0.0007377865029725508, 0.0006650086782762025, 0.0007153652551421919, 0.0006997620464925676, 0.0010193597862583914, 0.0006954814890291558, 0.000770226088016593, 0.0006117304860149237, 0.000644637569468969, 0.0006884900008985586, 0.0006900226626192158, 0.0006426072673202931, 0.0007234273757983152, 0.0008512622901716677, 0.0007384483616198433, 0.0006291404293383745, 0.0006532258719016167, 0.0006620172871266198, 0.0006737962977360022, 0.0007902067416456899, 0.0005900493916519291, 0.0006583955820947569, 0.000614204042877006], "IoU_hist_val": [0.43802388272375986, 0.41497232093274217, 0.38758165187960164, 0.41352083862583316, 0.4660177809272562, 0.5009478920632038, 0.4456558425267276, 0.5207541231493078, 0.5323558232873478, 0.5447865123458765, 0.550705089138971, 0.45075415998112406, 0.5635153294081208, 0.5407693983213047, 0.5784025744262021, 0.5766818983327364, 0.5677891633548422, 0.5672981996099759, 0.580865865573287, 0.5697299783408531, 0.5460287794251417, 0.5714003439357733, 0.5910415356399826, 0.6047720583537765, 0.5945563934871181, 0.6038336572079238, 0.5583829404292247, 0.6010752702955172, 0.5885446230082969, 0.5988701258986621], "eval_data": null}