{"loss_test": 0.022832769182230858, "IoU_test": 0.7802355010814196, "loss_hist_train": [0.049336799859396825, 0.03815259038222746, 0.03167424454044488, 0.028250007758971896, 0.02621209416237765, 0.02481557637389399, 0.02369831751674725, 0.022586119748314714, 0.022388488425743206, 0.0216348496857994, 0.021094996192624917, 0.020267739780565612, 0.020670817100660224, 0.020309235187776296, 0.019051002431690372, 0.01908673827653446, 0.01913101359524939, 0.018988215795241417, 0.017920690177385283, 0.017956301489159176, 0.018057749096343095, 0.017890528962369884, 0.017490765376440443, 0.01767833143515125, 0.017022180951773252, 0.017554322981115533, 0.016860762190034812, 0.016721879438700255, 0.017274674929409567, 0.015910521027581646], "IoU_hist_train": [0.5317026829261455, 0.6342972061393682, 0.6951247892638356, 0.7276769249399151, 0.7469193867098772, 0.7600792270431412, 0.7710086668776829, 0.7816910817243345, 0.7834495642069086, 0.7907841106416523, 0.7958911865676631, 0.8038436852197418, 0.8000847606482789, 0.8034587575303067, 0.8155685083067381, 0.8151712687728834, 0.8147124806155155, 0.8161193542074838, 0.8264117757994688, 0.825972642165813, 0.82500613528139, 0.8266074608838355, 0.8306159934043135, 0.8287759979652614, 0.8350552053342009, 0.8299072834181033, 0.8365060869759422, 0.8379239752415796, 0.8325538366278866, 0.8458560197030398], "loss_hist_val": [0.0528341057108349, 0.04897620346623735, 0.04366240234152431, 0.042299859889663095, 0.03984149698236538, 0.03729181250891894, 0.034695912242104346, 0.03463113959220039, 0.038666424859193964, 0.034583552280780784, 0.032286504581254476, 0.03476827717063451, 0.03373514278100269, 0.03367700787126765, 0.035079644184132786, 0.035049571722872354, 0.03096059167064737, 0.03205844049659443, 0.030554421235513485, 0.03139270943243062, 0.033342144108223275, 0.031496510900230354, 0.030834946744512804, 0.03639688942439148, 0.03093078806258664, 0.03604968098720702, 0.029088805185939162, 0.030384897932810694, 0.029188653788775668, 0.029606230651809607], "IoU_hist_val": [0.5009905654204946, 0.5368062922387888, 0.5843667740336865, 0.5970702101236085, 0.6216169488125598, 0.6435085042014907, 0.6670404608944982, 0.6694559288926043, 0.6322270084195211, 0.6707422234268814, 0.6919384817329343, 0.6676723583189104, 0.6768446959307499, 0.6783503885492893, 0.6645517024060756, 0.6680524110441034, 0.7039592762911083, 0.6936167519654198, 0.7095300962244815, 0.6998603762386965, 0.683151489996076, 0.7020370546343725, 0.7069522984157273, 0.6540680946047431, 0.7057537733813645, 0.6579698487586715, 0.7225234164415741, 0.7111193530071828, 0.7221372815842254, 0.7186952875637287], "eval_data": null}