{"loss_test": 0.0002382036325659586, "IoU_test": 0.6543184341737508, "loss_hist_train": [0.0010926628041938676, 0.0004436798823691082, 0.00019938675279237503, 0.0001125213394193729, 7.344190646446851e-05, 5.504164886095117e-05, 4.007205173891729e-05, 3.625128479303193e-05, 3.44953156964589e-05, 3.254555410786433e-05, 3.226618498541385e-05, 3.374643307676063e-05, 3.250018494054165e-05, 3.2864414761210764e-05, 2.912827730841473e-05, 2.6739766661641008e-05, 2.7698358761208422e-05, 3.284579867803901e-05, 2.993487101058593e-05, 3.473203467403285e-05, 3.189821439967928e-05, 3.218064098508053e-05, 3.6887818055979044e-05, 0.00018164763539721987, 0.00023491359601799492, 5.044688870279122e-05, 2.8432828706200513e-05, 1.3581518020331557e-05, 9.319235728429574e-06, 7.689308786317005e-06], "IoU_hist_train": [0.4299092119092346, 0.5498505150646559, 0.6477175341990768, 0.7108657701111367, 0.7512085719761892, 0.776476435430023, 0.8008213605371962, 0.8074723254047039, 0.810391062660898, 0.8122876635559888, 0.8150164990237834, 0.8090975881236285, 0.8108514907144417, 0.8117225684265349, 0.8200297892047237, 0.8254810168719128, 0.8223515352591521, 0.8093091898979508, 0.8228938982013363, 0.8087910861879402, 0.8147020278760477, 0.8167003502130084, 0.8068215942974349, 0.7058500893398271, 0.6545564974871516, 0.7933482609657736, 0.83779692538638, 0.8749875374963987, 0.8947890470120236, 0.9054177344428946], "loss_hist_val": [0.0012847387463729065, 0.0006871458552672384, 0.0006228082015046052, 0.0005415551511958094, 0.0005899188401838804, 0.0005408945225661323, 0.0005451228347431757, 0.0004932687302018599, 0.0005436857885324107, 0.0005241748442164658, 0.000508931758378855, 0.00048781830249051267, 0.000457371853139183, 0.0005011937534568313, 0.0005024470526545903, 0.0004745099627343039, 0.0004898576744959875, 0.00044013900057277006, 0.0005004266451496257, 0.00044118879541433305, 0.00045924908050126495, 0.00048464566915094474, 0.0004464908003414516, 0.0008395353715492694, 0.0005574350385588121, 0.0004507797767567584, 0.0004084731176030549, 0.00042254638020344386, 0.0003958468242611636, 0.0004070488567420583], "IoU_hist_val": [0.3876167002352695, 0.4809459828861144, 0.5097187912299744, 0.5411417184096577, 0.5047023708446681, 0.564193104844622, 0.527922603677131, 0.556263746386226, 0.5317767486911493, 0.5496902581306946, 0.5576784199155087, 0.571956270171166, 0.5931864258684788, 0.564591647200866, 0.5763548921248342, 0.5610436243734546, 0.5856159384559334, 0.5831912772448752, 0.5774295005836699, 0.5921187661522328, 0.5889793819449171, 0.6029652877555319, 0.6089514514136285, 0.5089149868762571, 0.5465741291210119, 0.6198554976179385, 0.6324282106383581, 0.6114464708158676, 0.6267738356953158, 0.6232683801143581], "eval_data": null}